fname,summary
test_0,  Ms. Dawson은 #Person1# 에게 사내 메모를 작성하고 배포하라고 요청합니다.                                      
test_1, #Person1# 과 #Person2# 는 교통체증으로 인해 출퇴근에 어려움을 겪고 있다. #Person1# 은 대중교통을 이용하면 교통 체증을 피할 수 있을 것이라고 제안한다. 그들은 출근할 때 차를 타지 않기로 결정한다.                  
test_2,  Kate는 Masha와 Hero가 이혼했다고 #Person1# 에게 말합니다. 두 사람 모두 잘 어울리는 커플이었기 때문입니다.                               
test_3,  Brian은 자신의 생일을 축하하기 위해 파티에 초대받았다.                                             
test_4, #Person1# 과 #Person2# 는 올림픽 공원의 크기에 대해 이야기합니다. #Person1# 은 올림픽 공원 전체 좌석이 5000석이라고 설명합니다.                                  
test_5," #Person1# 은 #Person2# 에게 사업 계획서를 작성하고 투자자를 모으는 것이 어렵다고 말합니다. #Person1# 는 사업 계획을 설명하고, 사업 아이디어를 요약한 부분을 포함해야 하며, 상품이나 서비스를 소개하고 설명해야 한다고 조언합니다.               "
test_6, #Person2# 는 수두에 걸렸다. #Person1# 은 #Person2# 에게 가까이 오지 말라고 경고한다.                                         
test_7, #Person1# 은 #Person2# 에게 세탁 서비스 요금에 대해 문의하고 관련 부서에 확인하도록 요청합니다.                                        
test_8,  스티븐은 아내가 비서와 바람피운 것을 알게 되어 #Person1# 에게 이혼을 권유한다.                                        
test_9, #Person2# 는 #Person1# 에게 아브라함 링컨과 평등한 권리를 위해 싸운 용사를 존경한다고 말합니다.                                    
test_10," #Person1# 은 #Person2# 에게 중국 북부에 6급 강풍이 불고 있으며, 황사가 호흡기 감염을 유발한다고 설명합니다.                                  "
test_11, #Person1# 은 Francis의 생일 파티에 원격 조종 자동차 모델을 초대한다. #Person2# 는 그 차를 매우 마음에 들어한다.                                
test_12,  Steven은 Tony에게 부정행위를 한 것이 부끄러운 일이라고 말한다. 그는 열심히 공부하라고 조언한다.                                   
test_13,  톰은 8시 50분에 기차를 타야 해서 늦잠을 자고 있다.                                             
test_14, #Person1# 은 #Person2# 에게 자신의 삶을 어떻게 조정해야 할지 조언을 구합니다.                                            
test_15," #Person1# 은 #Person2# 에게 Ruojia가 오늘 밤 파티에 참석할 것이라고 알린다. #Person1# 는 그녀의 트위터에서 그녀의 이메일을 확인했고, 와인잔과 결혼 축하 카드를 구매할 예정이다.                 "
test_16," #Person1# 은 #Person2# 에게 스트립을 잡아당기고, 뒷면을 떼어내라고 제안합니다. #Person1# 는 이를 재미있어 하지만, #Person3# 은 이를 잔인하다고 생각합니다.                        "
test_17, #Person1# 은 #Person2# 에게 마이크의 여동생과 가족에 대해 이야기합니다.                                            
test_18, #Person2# 는 머리가 아파서 #Person1# 에게 체온계를 사용하라고 조언합니다.                                            
test_19," #Person2# 는 새 휴대폰을 사고 싶어하며, #Person1# 은 카메라와 MP3 플레이어가 있는 모델을 추천합니다.                                      "
test_20,  주디는는 프랭크에게 우체국에서 일하게 된 이유를 설명한다. 그는 직원들에게 좋은 건강보험 혜택을 제공한다고 말한다.                                  
test_21," #Person2# 는 #Person1# 에게 컴퓨터 프로그램을 작성하고 비서 업무를 수행할 수 있는 자격 요건에 대해 설명합니다. 또한, 타자, 속기, 팩스 기계 운용 등 특별한 훈련을 받았다고 말합니다.                       "
test_22," #Person1# 은 미디엄 레어 스테이크를 주문했으나, 너무 익었고 질긴 것 같다고 하여 #Person2# 에게 바꿔 달라고 요청합니다.                               "
test_23,  Tom은 소설이 노벨상을 받았다는 소식을 듣고 기뻐합니다. #Person1# 은 그를 칭찬하며 축하 파티를 열기로 합니다.                                   
test_24," #Person2# 는 #Person1# 에게 자신이 자동차 디자인과 과학 석사 학위를 가지고 있으며, 이전 직장에서 다양한 재료의 기계적 강도와 부식 저항성에 대해 연구했다고 설명합니다.                        "
test_25," #Person2# 는 일주일에 두세 번 술을 마십니다. #Person1# 은 보통 밤새 두 잔을 마시며, 에브에 있는 단테는 월요일에 5달러짜리 피처를 판매한다고 설명합니다. 그들은 내일 밤 피처 프로모션을 위해 램 바 & 그릴에 갈 예정입니다. "
test_26,  메이에게 엄마가 다니엘에게 소풍을 준비하는 것을 도와달라고 요청합니다.                                              
test_27,  James는 Muriel Douglas 씨에게 새 계정을 통해 새 친구를 소개합니다. Susan은 L.A.에 있었으나 날씨가 좋지 않아 Tahoe에서 스키를 타러 갔습니다.           
test_28, #Person1# 은 바보 같은 여자아이가 ATM에서 돈을 찾고 있습니다. #Person2# 는 #Person1# 에게 비밀번호를 입력하고 우물 정자를 눌러 돈을 인출할 수 있도록 도와줍니다.                     
test_29, #Person2# 는 #Person1# 에게 직장 동료들과의 대화에서 가장 중요한 것은 진심이라고 말합니다.                                         
test_30, #Person1# 은 Mr. Polly에게 가게에서 한 병의 음료수를 사달라고 요청합니다.                                       
test_31,  프랜카는 모니카에게 재무 보고서를 금요일 오후 1시부터 4시까지 작업할 수 있는지 문의합니다.                                      
test_32," #Person2# 는 다음 주 인터뷰를 준비하기 위해 워크숍에 참가합니다. #Person1# 은 깔끔하고 적절한 옷차림과 태도, 그리고 정직한 답변이 중요하다고 조언합니다.                            "
test_33,"  컷은 Mike에게 더 많은 분노를 보고 싶다고 말하며, Jason과 Laura는 3년 동안 함께 있었다고 설명합니다.                             "
test_34,  Mrs. Todd는 아내가 쇼핑을 가자고 해서 #Person1# 에게 인사를 하러 왔다고 설명합니다.                                   
test_35,"  빌은 이번 주에 매일 밤 열 시까지 일했으며, #Person1# 은 #Person2# 에게 집에 가서 푹 쉬라고 조언한다.                                  "
test_36,"  Simon은 핵무기 확산을 막기 위한 시위에 참석할 예정이며, #Person1# 은 시위가 정치인들의 생각을 바꾼다고 생각합니다. 그들은 평화로운 시위를 기대하고 있습니다.                          "
test_37, #Person2# 는 #Person1# 에게 누군가가 문을 두드리며 '전기'나 '가스'라고 하면 괜찮다고 생각한다고 말합니다.                                   
test_38, #Person1# 은 Maggie에게 도서관에서 복사할 수 있는 역사 노트를 빌리자고 제안합니다. #Person2# 는 수업에 피곤해서 노트가 필요하다고 말합니다. 그들은 함께 스터디를 하기로 합니다.                  
test_39," #Person1# 은 Turner 교수에게 지질학 고급 과목을 다시 수강할 수 있는지 문의합니다. #Person2# 는 Burman 교수님께 여쭤보고, 준비되었다고 판단되면 등록을 허락할 것이라고 말합니다.              "
test_40, #Person1# 은 #Person2# 의 가게에서 펜던트를 깨뜨려 새 것으로 교환해 줍니다.                                        
test_41, #Person2# 는 #Person1# 에게 이모가 준 스웨터와 새 옷을 입고 박싱 데이 세일에 참석할 것을 상기시킵니다.                                 
test_42, #Person2# 는 미디어 업계에서 일하는 것이 재미있을 것 같아 #Person1# 에게 TV 뉴스 디렉터가 될 것을 제안합니다. #Person2# 은 잡지에 글을 쓰는 것이 더 흥미롭다고 말합니다.                      
test_43, #Person1# 과 지루한 연설에 대해 #Person2# 에게 조언을 구합니다. #Person1# 은 지루해하지만 나한텐 여기 있는 것이 중요하다고 생각합니다.                              
test_44, #Person1# 은 #Person2# 에게 도시 중심에서 멀리 떨어진 집을 사는 것이 비용을 절약할 수 있다고 조언합니다.                                       
test_45,"  Mark Leach는 런던 관광청의 관광 사무소에서 정보 담당관으로 일하고 있으며, #Person1# 에게 방문객들에게 직접 카운터에서 관광 정보를 제공한다고 설명합니다. 그는 매일 다양한 언어를 구사하며 원스톱 샵 역할을 수행합니다.         "
test_46,  Lin Fang과 Nancy는 영어를 가장 좋아하지만 둘 다 중국어를 좋아하지 않는다.                                     
test_47,  James는 Mrs. Thomas에게 집안의 낙엽을 치우고 산책할 수 있도록 도와달라고 요청합니다.                                
test_48," #Person1# 과 #Person2# 는 봄이 왔다고 생각하지만, 밤에는 여전히 너무 추운 날씨에 대해 이야기하고 있습니다.                                     "
test_49,"  Mike는 컷에게 화난 느낌을 주길 원하지만, 컷은 그녀의 연기가 상처받고 슬퍼 보인다고 말합니다. #Person1# 은 그녀의 반응이 화와 슬픔이 동시에 나와야 한다고 생각합니다.                  "
test_50, #Person1# 은 #Person2# 에게 프렌드쉽 호텔로 가는 택시를 예약합니다.                                           
test_51, #Person1# 은 다른 버스를 타야 해서 #Person2# 에게 환승권을 요청합니다.                                           
test_52," #Person2# 는 #Person1# 에게 시내에서 차로 15분 거리에 있으며, 7층 건물의 6층과 7층을 사용하고 있다고 설명합니다.                                  "
test_53," #Person1# 은 #Person2# 에게 Lulu가 Vic과 헤어졌고, 전근 신청까지 했다고 전합니다.                                      "
test_54,  데이브 톰슨이 샐리에게 짐이 아직 돌아오지 않았다고 알립니다.                                          
test_55," #Person1# 은 #Person2# 에게 시청 가는 길을 안내하고, 두 블록 더 걸어가면 왼쪽에 시청이 보일 것이라고 설명합니다.                                   "
test_56," #Person1# 은 여권을 잃어버려 #Person2# 에게 도움을 요청합니다. #Person1# 는 신발 코너에서 여권이 발견되지 않았다고 설명하고, 분실물 보고서를 작성하고 대사관에 상황을 알립니다.                      "
test_57,  Nathaniel은 Ms. Collins에게 전화를 걸었으나 Mr. Liu가 부재중이라 다음 주까지 돌아오지 못할 것 같다고 알립니다. Leah는 다른 사람과 약속을 잡기 위해 오전 11시 30분에 연락하기로 했습니다. 
test_58, #Person1# 과 #Person2# 는 Dick의 결혼 계획에 놀랐습니다. #Person1# 은 Sarah가 자신을 사랑해준다면 상관없다고 말했기 때문입니다.                            
test_59," #Person1# 과 #Person2# 는 파티를 즐기고 있습니다. #Person1# 은 Janice가 금발 여자에게 끌리는 것을 발견하고, #Person3# 는 그녀에게 말 걸지 말라고 조언합니다.                      "
test_60,  Jack은 #Person1# 에게 정치학 수업과 비즈니스 커뮤니케이션 수업을 가장 좋아한다고 말합니다.                                        
test_61," #Person1# 과 #Person2# 는 베이징의 가을과 겨울에 대해 이야기하고 있습니다. #Person1# 은 가을이 아름답다고 생각하지만, 겨울에는 더운 것이 문제라고 생각합니다.                           "
test_62, #Person1# 은 #Person2# 에게 공포 영화 대신 전쟁 영화를 보자고 제안합니다.                                             
test_63,"  Adam은 #Person1# 에게 운동장 근처의 하얀 건물과 1,000,000권 이상의 책이 있는 학교, 그리고 수영장이 있는 학교를 안내합니다.                              "
test_64," #Person1# 은 #Person2# 에게 임신 소식을 전하며, 곧 아기가 생길 것이라고 말한다.                                                 "
test_65, #Person1# 과 #Person2# 는 John이 일주일에 일곱 번 그녀와 데이트를 한다고 생각합니다.                                             
test_66, #Person1# 은 #Person2# 에게 소프트웨어와 그림 그리기 프로그램을 추가하고 하드웨어도 업그레이드할 것을 제안합니다.                                            
test_67,"  Que bien은 #Person1# 에게 중국 출장으로 중국에 다녀왔다고 말합니다. #Person2# 는 자신의 나이, 콜롬비아 혈통, 스페인어 실력을 설명합니다.                              "
test_68, #Person1# 은 #Person2# 의 몸무게 증가와 운동 부족에 대해 불만을 제기합니다. #Person1# 는 운동 수업에 가보라고 제안합니다.                                      
test_69,  James는 식당 홀의 창가 자리를 예약했으나 방이 준비되지 않았습니다. 웨이트리스가 그를 안내합니다.                                         
test_70," #Person1# 은 #Person2# 에게 공장 규모가 75,000 평방미터이며, 곧 50주년을 맞이할 것이라고 설명합니다.                                            "
test_71,  Rebecca는 대학 졸업 후 첫 직장으로 York Herald라는 지역 신문에서 인턴으로 시작하여 주니어 로컬 뉴스 리포터로 자리를 옮겼다고 #Person1# 에게 설명합니다.                    
test_72," #Person1# 과 내일 #Person2# 는 조별 발표를 위해 문구점에 갈 예정입니다. #Person1# 은 쇼핑 리스트 작성을 제안하고, 필요한 물건을 찾기 위해 압정, 수정액, 종이클립을 구입하기로 합니다.                          "
test_73,"  Mary는 #Person1# 에게 인터넷으로 취직 지원 방법을 설명하고, 공식적인 사이트에 접속하는 것을 시도해보라고 제안합니다.                                      "
test_74," #Person2# 는 쇼핑 예산을 짜고 있으며, #Person1# 은 그 예산에 만족하고 있습니다.                                                  "
test_75,  Henry는 Jane에게 병원에 가기 위해 7번 버스를 타야 한다고 설명한다.                                             
test_76, #Person1# 은 #Person2# 에게 내년 판매 예측을 위한 스프레드시트를 설정하는 데 어려움을 겪고 있어 다음 주 화요일 오후 2시 30분에 만나기로 했습니다.                                 
test_77," #Person2# 는 #Person1# 에게 뉴욕에서의 친구 서비스가 흥미롭다고 설명합니다. 설문지를 통해 예산에 맞춰 완벽한 여행 일정을 만들어주며, 웹사이트에서 다운로드할 수 있다고 합니다.                                "
test_78,"  Mr. Jackson은 #Person1# 에게 회사가 크고 좋은 회사라고 설명하며, 영업부에서 일하고 싶다고 말합니다. 그는 현재 연봉으로 약 2,000 위안을 받고 있으며, 수당과 보너스를 더하면 약 3,000위안을 받을 수 있다고 합니다. 또한 3개월 후에 업무 평가에 따라 인상될 예정입니다. "
test_79," #Person1# 은 계약서에 서명하기 위해 왔고, #Person2# 는 계약서가 준비되지 않았다고 설명합니다. #Person1# 이 계약서를 작성하여 사본을 준비하기로 했습니다.                                  "
test_80, #Person1# 이 #Person2# 에게 ABC 렌터카가 국경 근처에서 사고를 당했다고 알립니다. #Person1# 은 구급차와 경찰을 부를 것입니다.                                  
test_81, #Person2# 는 #Person1# 에게 학교 보건실로 가는 길을 안내합니다.                                                     
test_82," #Person2# 는 #Person1# 에게 짐 엘리베이터 소음으로 인해 방을 바꾸고 싶다고 말하며, 내일 저녁에 조용한 스위트에서 지내고 푹 잘 수 있기를 바랍니다.                               "
test_83," #Person1# 은 #Person2# 의 짐을 트렁크에 넣고, 베이징 호텔에서 저녁 연회를 열 예정입니다.                                              "
test_84, #Person2# 는 길을 잃었습니다. #Person1# 은 #Person2# 에게 유이창으로 가는 길을 안내합니다.                                             
test_85, #Person2# 는 컴퓨터가 멈춰서 #Person1# 에게 수리공에게 연락하라고 제안합니다.                                                 
test_86, #Person2# 는 어머니 생신 선물로 금색 시계와 숫자가 크고 명확한 새 시계를 찾고 있습니다. #Person1# 은 #Person2# 에게 시계가 너무 화려하지 않다고 생각합니다.                               
test_87,  Ms. Ross는 Mr. Fisher에게 전화 대신 직접 만나 대화를 나눈 후 발표 전에 커피와 스낵 뷔페를 준비할 것을 제안합니다.                             
test_88, #Person2# 는 #Person1# 에게 러시아와 캐나다의 차이점에 대해 설명합니다. 러시아에서는 빠르게 진행되지만 캐나다에서는 은행 가는 데 몇 시간이 걸린다고 합니다. 캐나다에서 더 느리거나 느린 이유는 정부가 문제를 해결하고 새로운 기술을 활용해 비즈니스를 잘 운영할 수 있기 때문입니다.           
test_89," #Person2# 는 #Person1# 에게 카리브해로 여행을 가자고 제안하지만, 날씨가 가끔 좋지 않습니다.                                             "
test_90, #Person1# 은 #Person2# 에게 소풍에 가져갈 과일과 포도나 사과를 가져가자고 제안합니다.                                             
test_91, #Person1# 은 #Person2# 에게 경제형 차량 렌트 비용과 운전면허증을 요청합니다.                                               
test_92, #Person1# 은 #Person2# 에게 무표정한 사람들 때문에 스트레스를 받는다고 말합니다.                                                  
test_93, #Person1# 과 #Person2# 는 작년 판매 실적에 대해 이야기하고 있습니다. #Person1# 은 Wallace가 사장이 된 이후로 회사 성과가 좋아졌다고 말합니다. 또한 새로운 광고 캠페인으로 인해 판매량이 작년보다 120% 증가했다고 합니다.                     
test_94," #Person1# 은 가방을 도난당했다고 #Person2# 에게 말하며, #Person1# 이 돈을 빌려주겠다고 제안합니다.                                           "
test_95,"  Steven과 Lin은 베이징의 음식에 대해 이야기하며, 중국에서는 팁이 일반적이지 않다고 설명한다.                                         "
test_96,"  빌은 룸메이트와 헤어졌고, Brain Locker에게 이사 소식을 전합니다.                             "
test_97,  Tom Wilson이 호텔에서 4박 동안 식사 요금을 신용카드로 결제했습니다.                                
test_98,  카롤라이트 수잔은 캐롤에게 샤워 중이라 중요한 전화인지 물어볼 수 없다고 전합니다. #Person1# 은 캐로에게 내일 밤 8시 반에 질의 집에서 디저트를 가져오라고 요청합니다.      
test_99, #Person1# 은 예전에 Common Fitness Gym에서 일한 적이 있습니다. #Person2# 는 #Person1# 에게 모퉁이에 있는 Whole Bean Cafe에 가보라고 권유합니다.   
test_100," #Person1# 과 #Person2# 는 트럼프가 다시 대통령이 되는 것에 대해 이야기하고 있습니다. #Person1# 은 그가 미국을 다시 위대하게 만들 것이라고 믿지만, #Person3# 는 그가 적임자가 아니라고 생각합니다.            "
test_101, #Person1# 은 #Person2# 에게 ATM 사용 방법을 설명합니다.                                     
test_102,  John은 수잔 밀러에게 사무실 절차에 관한 메모를 한 부 주고 싶어 한다.                             
test_103, #Person1# 은 Lily에게 소풍을 같이 가자고 제안합니다. #Person2# 는 편한 옷과 걷기 좋은 신발을 준비할 것입니다.                      
test_104, #Person1# 은 #Person2# 에게 중국 연회에서 젓가락을 사용하는 방법과 중국 식탁에서의 테이블 예절에 대해 설명합니다.                        
test_105,  Mary와 Frank는 서로 좋아하는 장르에 대해 이야기한다. 그들은 영화관에서 영화를 빌리거나 동네에 있는 영화 대여점에 가서 신작을 찾을 계획이다.                
test_106," #Person1# 은 #Person2# 에게 정치 정당에 가입할 계획이 없다고 말하며, 그린피스라는 압력 단체의 회원이었기 때문에 녹색당에 가입하지 않을 것이라고 설명합니다.                "
test_107," #Person1# 은 Wilson 씨에게 사과하고, 두 번째 문제는 조사가 끝난 후 해결하겠다고 약속합니다.                              "
test_108," #Person2# 는 #Person1# 에게 강도 사건을 목격했다고 말하고, 경찰서에 도움을 요청합니다.                                 "
test_109, #Person2# 는 #Person1# 에게 아빠가 엄마와 외식하러 갔다고 말한다. #Person2# 의 엄마는 옛날 전통을 되살리기 위해 일주일에 한 번씩 피자를 주문할 예정이다.              
test_110, #Person1# 은 새해 결심으로 다이어트를 하기로 했습니다. #Person2# 는 #Person1# 에게 정크푸드를 제외한 모든 음식을 끊을 것이라고 말합니다.                     
test_111,"  Karen Huang은 터치톤 등록 시스템을 통해 Comp Lit 287 수업에 등록하려 했으나, 컴퓨터가 승인하지 않습니다. #Person1# 은 #Person2# 에게 전화 등록 시 코드 번호와 사용법을 안내합니다. "
test_112, #Person2# 는 #Person1# 에게 우산을 쓰고 가든 호텔로 가는 길을 안내합니다.                                 
test_113,"  Daisy가 Jack에게 자신의 새로운 차를 태워달라고 요청한다. Jeck은 가격이 비싸다고 생각하지만, Double은 자신이 가진 것 중 가장 빠른 차를 선택한다.          "
test_114, #Person1# 은 #Person2# 에게 큰불이 밤에 일어났다고 설명합니다.                                     
test_115, #Person1# 은 남편이 계산하려 하자 #Person2# 가 계산대까지 안내해 줍니다.                                 
test_116, #Person2# 는 #Person1# 의 도움으로 일반 세차 패키지를 선택합니다.                                    
test_117,"  해리는 아내와 함께 이집트로 휴가를 갈 계획이다. #Person1# 은 해리에게 배로 갈지, 비행기로 갈지 결정하라고 조언한다.                     "
test_118,  Johnson은 #Person1# 에게 웨이트 사용법을 설명하며 스트레칭을 잘 하고 기계의 진도를 추적할 수 있는 카드를 준비하라고 조언합니다.                
test_119," #Person2# 는 실직 중이며, #Person1# 은 전기 기술자 프로그램에 지원하고 싶어합니다.                                  "
test_120," #Person1# 은 강아지들에게 밥을 주고, #Person2# 는 목욕도 시켜주겠다고 약속한다.                                "
test_121, #Person1# 은 집주인 아주머니께 받은 200달러 빚이 있어 에이든에게 돈을 빌려달라고 요청합니다. #Person2# 는 월요일에 월급을 받을 예정입니다.                  
test_122, #Person2# 는 두 달 동안 자선 단체에서 일하며 많은 것을 배웠습니다. #Person1# 은 사회 활동이 #Person2# 의 사고방식에 영향을 줬다고 생각합니다.                  
test_123," #Person2# 는 #Person1# 에게 연락처를 제공하고, 결과를 약 일주일 후에 알려주겠다고 약속합니다.                               "
test_124, #Person1# 은 호텔에서 가장 잘 나가는 중국 요리를 추천합니다. #Person2# 는 모우탄과 베이징 오리 구이를 주문합니다.                          
test_125,"  Dan은 Angela에게 어제 샤워 중이었으며, 다음 주에 결혼할 예정이라고 알린다. Dun은 먼저 Megan을 데리러 가기로 한다.          "
test_126, #Person1# 은 #Person2# 에게 이탈리아 티라미수와 튀긴 바나나를 사다달라고 요청합니다.                             
test_127,  Smith 씨는 #Person1# 에게 예일 대학교와 은행에서 근무한 경력을 설명합니다.                             
test_128, #Person1# 은 조카에게 줄 선물을 고르기 위해 #Person2# 에게 바비 인형을 추천합니다. #Person1# 는 바비를 구매하고 현금으로 결제합니다.                                             
test_129, #Person1# 은 #Person2# 가 41 사이즈의 운동화를 구매할 수 있도록 도와줍니다.                                                          
test_130," #Person2# 는 과학박물관에 가고 싶어 하지만, #Person1# 은 티켓 기계를 사용할 수 없어 #Person2# 에게 도움을 요청합니다.                                                   "
test_131,  사이먼은 '단계적 은퇴'라고 불리는 제도에 참여하여 6개월 동안 일을 쉬고 이전의 회사에서 프로젝트 업무에 지원할 수 있게 되었다고 #Person1# 에게 설명합니다. #Person2# 는 다양한 업무가 게시되어 있어 #Person3# 의 시간을 관리할 수 있다고 생각합니다.                     
test_132,"  Rocky는 #Person1# 에게 다정하고 필요를 채워주는 여자를 좋아한다고 말하고, #Person2# 는 외향적이고 다정한 여자와 자기중심적이지 않은 여자를 선호한다고 말한다. #Person3# 는 Rusty에게 안부를 전하라고 조언한다.                     "
test_133," #Person1# 은 #Person2# 에게 어젯밤 폭풍으로 창문 몇 개가 부서졌고, 큰 나무가 부러졌다고 말합니다. #Person1# 는 날씨가 끔찍하다고 느끼지만, #Person3# 은 여전히 봄이 좋다고 생각합니다.                                "
test_134, #Person1# 은 #Person2# 에게 TV를 보는 것이 지루하다고 말합니다. 그들은 함께 할 수 있는 활동을 논의하자고 제안합니다.                                                   
test_135,"  Ben은 #Person1# 에게 새 학교 생활에 적응하기 위해 내일 수업 준비에 대해 이야기합니다. #Person2# 는 수업 시작 시간과 시작 시간, 그리고 쉬는 시간에 대해 설명합니다.                                       "
test_136,  Adam은 무릎이 좋지 않다. #Person1# 은 #Person2# 에게 미시간과의 경기에 대한 새로운 소식을 전한다. #Person3# 은 경기 영상을 보고 싶어 한다.                                          
test_137, #Person1# 은 #Person2# 에게 프린터 고장으로 인해 프린트를 부탁합니다.                                                            
test_138, #Person1# 이 커튼을 달기 위해 #Person2# 에게 도움을 요청합니다.                                                            
test_139,"  Jack은 #Person1# 에게 주말에 캠핑을 가기로 계획 중이며, 예약이 꽉 차 있다고 말합니다.                                                   "
test_140, #Person1# 은 #Person2# 에게 산불을 진화하러 갔다가 임신했다는 소식을 전합니다. #Person1# 는 임신 사실을 알고 기뻐합니다.                                                  
test_141, #Person2# 는 #Person1# 에게 딸이 십대 때 흔히 있는 일이라며 조언을 구합니다.                                                         
test_142," #Person1# 은 #Person2# 에게 한 번의 실수로 일자리를 잃으면 생계 유지에 어려움을 겪을 것이라고 말합니다. #Person1# 의 상사는 정직하지 않다고 생각하며, 저축을 통해 생활비를 충당할 수 있다고 설명합니다. 또한 아파트를 계약하고 이사 가거나 1년 더 연장할 수도 있습니다.                 "
test_143, #Person2# 는 #Person1# 에게 에딘버러 대학의 박사과정 학생인 #Person2# 의 집에 머물면서 재미있게 놀고 강연도 하자고 초대합니다.                                            
test_144," #Person1# 은 John의 집에 가고 싶어 하지만, #Person2# 는 감기에 걸렸다고 생각하여 그냥 집에서 쉬자고 제안합니다.                                                 "
test_145,  파버 Mr. Faber는 요크 호텔에 전화하여 7월 23일까지 더블 룸을 예약합니다.                                                   
test_146," #Person1# 은 #Person2# 에게 웨스트 더비, 플랫, 그리고 John Godfrey의 사무실을 추천합니다. 그들은 일요일 10일까지 만나기로 결정합니다.                                       "
test_147," #Person1# 은 #Person2# 에게 과속하지 않았다면 경찰에게 정지당하지 않았을 것이라고 주장하지만, 그들은 너무 늦었기 때문에 불공평하다고 생각합니다.                                            "
test_148,"  Danlene은 9월 10일에 100대 컴퓨터 주문 건에 대해 확인하려고 전화했으나, 공장에 인력이 부족하여 지연되었습니다. Steve에게 전화해 상황을 알리기로 했습니다.                                   "
test_149, #Person1# 은 #Person2# 에게 워싱턴 포스트 신문의 사본과 로스앤젤레스 타임스의 유래에 대해 설명합니다.                                                     
test_150, #Person2# 는 컴퓨터에 바이러스가 들어와 이메일을 보낼 수 없게 되었습니다. #Person1# 은 #Person2# 에게 이메일 용량을 초과한 파일을 압축해서 보내라고 조언합니다.                                       
test_151, #Person2# 는 #Person1# 에게 주말에 함께한 것에 대해 감사를 표합니다.                                                            
test_152," #Person2# 는 중국 음식을 먹고 싶어 하고, #Person1# 은 Panda Express에 가기로 결정합니다.                                                    "
test_153,  메리는 Hans 가구 매장에서 다른 후보자가 더 많은 경험이 있어 영업직을 제안했다고 #Person1# 에게 설명합니다.                                                   
test_154, #Person1# 이 #Person2# 에게 열 번째 전화를 걸었습니다.                                                               
test_155," #Person2# 는 음악 교사가 되고 싶어 합니다. #Person1# 은 #Person2# 에게 클래식 음악을 좋아한다고 말하고, 클래식 음악이 뇌에 좋다고 언급합니다. 또한 학생들이 스트레스를 받을 수 있다고 언급하며, 저녁에는 주로 모차르트나 바흐를 듣습니다.                          "
test_156, #Person2# 는 #Person1# 에게 같은 건물에 사는 미국인 여자와 데이트를 즐기고 있다고 말합니다. 그들은 곧 저녁 식사에 초대할 계획입니다.                                             
test_157, #Person1# 은 #Person2# 에게 Mirella가 Silicon Valley에서 회의에 참석한 후 계속 청바지에 스웨트셔츠를 입고 출근한다고 말합니다. 캘리포니아의 경우 IT 산업의 영향으로 더 편한 옷차림을 선호합니다. #Person1# 는 관리팀이 그녀의 새로운 캐주얼한 스타일이 수용 가능하지 않다는 것을 전하는 방법이라고 설명합니다. 
test_158," #Person1# 은 법률 사무소를 차리고 싶어 하고, #Person2# 는 #Person1# 에게 도움을 요청한다.                                                        "
test_159,  Kate와 Peter는 어젯밤에 온라인에서 네트워크 게임을 했습니다.                                                          
test_160," #Person1# 과 #Person2# 는 배와 보트가 기차, 비행기, 자동차에게 자리를 내주고 있다고 생각합니다.                                "
test_161,  Fanny와 Andy는 어젯밤의 악몽에 대해 이야기한다. 그들은 유령들이 무덤에서 튀어나오는 것을 목격하고 무서워했다. 그들은 미시간 대학교에 입학할 예정이다.         
test_162," #Person1# 과 Ernie는 밴드를 시작할 계획이며, #Person1# 은 Vanilla Ice 노래를 추천합니다.                             "
test_163," #Person1# 은 뉴올리언스로 여행 온 것을 좋아합니다. #Person2# 는 강변 저녁 유람선 투어, Sanger Theater에서의 멋진 쇼를 기대하고 있습니다.                  "
test_164," #Person2# 는 #Person1# 의 사이즈를 마음에 들어 하고, #Person2# 의 신용카드로 결제합니다.                                    "
test_165,  Blake씨가 Foster에게 교육 매뉴얼을 내일 오후에 사무실에 가져다줄 예정입니다.                              
test_166, #Person1# 은 #Person2# 에게 이번 금요일에 #Person1# 의 형의 마흔 번째 생일을 축하하기 위해 휴가를 계획 중이라고 말합니다. 그들은 호텔에서 묵고 현지 음식을 즐기고 파이브 레이크 스트릿과 월 스트리트를 방문할 예정입니다. 
test_167, #Person1# 은 #Person2# 에게 파멜라의 비행기를 타라고 재촉합니다. #Person1# 는 #Person3# 의 부탁을 들어줍니다.                          
test_168, #Person1# 은 #Person2# 에게 77번 도로에서 걸어서 갈 수 있는 12번 버스를 추천합니다.                                
test_169, #Person2# 는 #Person1# 에게 무슬림들이 메카로 성지순례 가는 이유와 순례의 중요성에 대해 설명합니다.                         
test_170, #Person2# 는 #Person1# 에게 중앙 백화점으로 가는 길을 안내합니다.                                        
test_171," #Person1# 은 #Person2# 에게 다음 주 동안 런던에 함께 가자고 제안합니다. #Person1# 는 기차보다 자동차를 선호하며, 고속버스를 선호합니다.                      "
test_172,"  톰은 샌드위치를 먹지 못해 아쉬워하고, 케서린은 패스트푸드가 건강에 좋지 않다고 생각한다. 톰과 케서는 미국인의 3분의 2가 패스트로프트를 피할 수 있다고 이야기한다.          "
test_173, #Person1# 은 #Person2# 에게 레모네이드와 베이비 백 립을 주문합니다.                                  
test_174," #Person1# 은 #Person2# 의 도움으로 더블 치즈버거와 감자튀김, 중간 사이즈 펩시를 주문합니다.                           "
test_175, #Person1# 은 #Person2# 에게 반숙 계란과 프라이드 에그를 제공합니다. #Person1# 의 아버지는 계란을 너무 익혀서 완숙으로 주문합니다.                    
test_176," #Person2# 는 #Person1# 에게 11번가, 파크 스트리트에 있는 그랜드 호텔로 안내합니다.                                 "
test_177, #Person2# 는 아이들에게 미국 경찰이 어떻게 생겼는지 보여주고 싶어합니다. #Person1# 은 #Person2# 에게 사진 촬영을 허락합니다.                               
test_178, #Person2# 는 #Person1# 에게 세 블록 떨어진 곳에 선셋 호텔이 있다고 안내합니다.                                    
test_179, #Person2# 는 미국에 공부하러 가기 위해 비자 신청을 했습니다. #Person1# 은 신청서가 복잡하고 서류 제출이 까다롭다고 설명합니다. #Person2# 은 많은 사람들이 신청이 거절된다고 생각합니다.               
test_180,  Anne은 #Person1# 에게 피곤해서 일찍 자고 싶다고 말합니다. 그들은 내일 친구들을 만나기로 했습니다.                            
test_181,  Mary는 #Person1# 에게 인터넷 쇼핑이 편리하고 시간과 비용을 절약한다고 설명한다.                                  
test_182, #Person2# 는 #Person1# 에게 미국식 회계에 대해 설명합니다.                                        
test_183,"  제인은 피터에게 시안에 가고 싶다고 말하고, 피터는 여름 휴가 계획에 대해 이야기합니다. 제인이 여름에 시안을 방문할 계획을 세우자 피터가 북쪽에 부모님이 계신 곳으로 가고 싶어합니다.           "
test_184," #Person2# 는 딸을 위해 로맨스 영화를 빌리고 싶어 합니다. #Person1# 은 #Person2# 에게 비디오 대여를 추적하기 위해 발급하는 회원 양식을 설명하고, 영화 대여비는 3.50달러라고 안내합니다.            "
test_185, #Person1# 은 Mr. Lee에게 소포를 전달하기 위해 서명을 요청합니다.                                   
test_186, #Person2# 는 공항이 닫혀서 내일 아침까지 비행기가 출발하지 않습니다. #Person1# 은 #Person2# 에게 공항 호텔에 함께 방을 사용하라고 안내합니다.                     
test_187," #Person1# 은 #Person2# 에게 음식을 각자 내는 것을 제안하지만, #Person1# 이 초보라 식당 찾기를 꺼려한다.                             "
test_188, #Person2# 는 성적에 대한 걱정으로 잠을 잘 못 자고 있습니다. #Person1# 은 #Person2# 에게 요가 수업을 듣거나 이완 테크닉을 배우는 것이 스트레스 극복에 도움이 될 수 있다고 조언합니다.              
test_189, #Person1# 은 #Person2# 에게 주방을 확 바꾸고 싶다고 말한다.                                      
test_190,  Walter와 Sterling은 새 선생님에 대해 이야기한다.                                      
test_191, #Person2# 는 검사 결과를 확인하기 위해 상담할 수 있는 시간을 예약했습니다. #Person1# 은 #Person2# 에게 오늘 오후에 다시 방문할 것을 권장합니다.                      
test_192,  Martin은 Eliza 선생님에게 주말에 용돈을 벌기 위해 일하고 있다고 말합니다. Lamb 선생님은 그녀의 문제 해결에 도움을 주었습니다.                 
test_193, #Person1# 은 #Person2# 에게 소포를 1등급보다 10일 더 앞당겨 한국으로 보내달라고 요청합니다.                              
test_194," #Person1# 은 Linda에게 호텔 방에서 휴대폰을 잃어버렸다고 알리고, #Person2# 는 여동생의 여동생에게 핸드폰을 가져가라고 조언한다.                    "
test_195," #Person2# 는 #Person1# 에게 로스앤젤레스를 관광하러 왔다고 말하며, 앞으로 이틀 더 머무를 계획이라고 합니다.                             "
test_196," #Person1# 은 여름 방학 동안 사업 수업을 듣고, 삼촌 회사에서 아르바이트를 하며 경험을 쌓을 계획이다. #Person2# 는 미래에 대해 생각하지 않는다.                     "
test_197,  Mary는 우유를 배달하러 갔다가 12번 집의 정원 문이 잠겨 있는 것을 발견하고 울타리를 넘어 문 쪽으로 가려고 했습니다. 그런데 갑자기 큰 개가 나타나서 정원 안에서 크게 짖었습니다.     
test_198, #Person1# 은 #Person2# 에게 회사에서 6년 동안 근무한 경험과 새로운 기술 개발에 대한 조언을 제공합니다.                              
test_199, #Person2# 는 #Person1# 에게 보통 예금 통장에 이자가 붙는 이유를 설명합니다. #Person2# 의 계좌는 주로 사업 거래에 사용됩니다.                      
test_200, #Person1# 은 처음으로 중국에 와서 #Person2# 에게 중국 음식을 먹어보고 싶다고 말합니다. #Person1# 는 광동 요리와 베이징 오리구이를 추천합니다. 그들은 근처에 있는 전취덕 식당에 가기로 결정합니다.        
test_201, #Person1# 은 #Person2# 에게 양털이 빨리 도착하기를 기대하며 배송에 대한 기대감을 표현합니다.                               
test_202, #Person1# 은 방에서 독서등을 깨뜨려 #Person2# 에게 변상을 요청합니다.                                  
test_203," #Person1# 은 #Person2# 에게 2006 회계연도 마케팅 계획에 대해 설명하고, 목표 달성을 위해 시장의 원래 상태, 전년도 우리의 마케팅 수단, 올해의 최종 판매 수단을 고려해야 한다고 강조합니다.           "
test_204," #Person2# 는 파리에서 출발하여 밀라노로 돌아올 예정이며, 에든버러 페스티벌에 참석할 계획이다.                           "
test_205,"  Jimmy Fox는 중형차를 예약했으나 차가 모두 나갔습니다. Mr. Forx가 #Person1# 에게 작은 차와 포드 포커스 포커스를 제공하고, 보험과 대여료에 대해 할인을 제공합니다. "
test_206, #Person1# 은 #Person2# 에게 서재에서 일하는 아빠에게 카드게임을 하라고 제안합니다.                                
test_207,"  Ann은 Mr. Jones에게 오늘 오후 5시에 회계사와 회의가 있으며, 목요일에는 Ms. Von과 대화를 원한다고 말합니다.                 "
test_208," #Person2# 는 #Person1# 에게 세계 지도에 대해 이야기하며, 세계 대부분이 물로 덮여 있다고 설명합니다. 또한 세계 강들이 깊은 계곡과 협곡을 만들어 기후에 영향을 미치고 있다고 말합니다.            "
test_209, #Person2# 는 방에 담배 냄새가 심해 금연 방을 예약했습니다. #Person1# 은 도어맨이 짐 옮기는 것을 도와줍니다.                          
test_210,  Bill은 John Sampson이 젖어 있는 페인트에 손대지 말라고 주의를 줬지만 표지판이 없었습니다.                   
test_211," #Person1# 은 #Person2# 에게 커피를 마시러 가자고 제안하고, 그들은 곧 다시 만나기로 약속합니다.                              "
test_212,  Jim은 Bill에게 Dick의 아팠던 경험을 이야기한다.                                   
test_213, #Person1# 은 #Person2# 에게 회사가 야근을 강요하고 있다고 말합니다. #Person1# 는 #Person3# 가 정당한 보상을 받지 못한다고 생각합니다. 그들은 직장을 그만두는 것을 고려하고 있습니다.             
test_214,"  Lisa는 남편이 바람 피우고 있다는 것을 알게 되었다. #Person1# 은 남편이 두 달 전부터 다른 사람을 만나고 있다고 생각했고, Laa가 진실을 말해주거나 관계를 끝내지 않으면 이혼할 것이라고 경고했다.        "
test_215, #Person2# 는 #Person1# 에게 의사 선생님이 너무 많이 먹고 있다고 판단하여 빨간 고기를 줄이고 식단을 정리하라고 조언했습니다.                           
test_216, #Person1# 은 #Person2# 에게 남아서 맹세를 지키라고 설득합니다.                                     
test_217," #Person2# 는 #Person1# 에게 도서관을 어떻게 이용하는지 설명하고, 회화 영어 관련 책 두 권을 대출할 수 있는지 문의합니다.                        "
test_218," #Person1# 과 #Person2# 는 날씨에 대해 이야기하고 있습니다. #Person1# 은 날씨가 좋다고 생각하며, 날씨가 계속 좋다면 해변에 가자고 제안합니다.                      "
test_219, #Person1# 은 #Person2# 에게 카메라를 잠시 맡기고 나중에 돌려받기로 했습니다.                                   
test_220, #Person2# 는 대출 신청에 대한 정보를 얻기 위해 #Person1# 에게 도움을 요청합니다. #Person2# 은 이자율에 따라 대출의 일부인 원금과 이자를 함께 상환해야 한다고 설명합니다.              
test_221,"  모니카는 회의에서 자신의 발표가 설득력 있었고 클라이언트들이 이 프로젝트에 투자할 것이라고 확신했으며, #Person1# 은 그의 발표를 칭찬했다.                     "
test_222,"  톰은 #Person1# 에게 아침에 뛰는 것을 시도해보라고 제안하고, #Person2# 는 이에 동의한다.                               "
test_223, #Person2# 는 #Person1# 에게 인기 있는 일본 요리와 고기 요리를 제공하는 일본 레스토랑을 소개합니다.                               
test_224, #Person1# 은 Simpson 씨에게 목요일 오후 12시 30분에 점심을 함께 하자고 제안합니다.                                   
test_225, #Person2# 는 데이트 상대와 레스토랑에 가려고 합니다. #Person1# 은 #Person2# 에게 그레이머시 타번의 레스토랑을 추천합니다.                            
test_226," #Person2# 가 #Person1# 에게 오리구이, 돼지고기, 소고기 한 접시, 맥주 두 병, 거스름돈 50달러를 지불합니다.                           "
test_227," #Person2# 는 #Person1# 에게 자신의 나라에서는 축구를 좋아하고, 테니스를 좋아하며, 익스트림 스포츠는 소수만 즐긴다고 말합니다.                            "
test_228, #Person1# 은 #Person2# 의 도움으로 핀란드 헬싱키로 가는 비행기 예약을 도와줍니다.                                     
test_229, #Person1# 과 #Person2# 는 디즈니 월드에 대해 이야기하고 있습니다.                                           
test_230, #Person2# 는 #Person1# 에게 호주의 그레이트 배리어 리프를 방문하고 싶다고 말합니다.                                    
test_231,"  Laura는 몸매 유지를 위해 헬스장에 가기로 했습니다. #Person1# 은 걷기와 스포츠를 선호하며, #Person2# 는 친구들과 자주 테니스를 치고, 휴가 때 자주 수영을 합니다.                 "
test_232," #Person2# 는 #Person1# 에게 로스앤젤레스에서 태어났고, 열네 살 때 이곳에 와서 고등학교를 다녔으며, 유럽에 잠시 머물렀다고 말합니다.                            "
test_233, #Person2# 는 #Person1# 에게 새 정장이 큰 쇼핑센터에서 구입되었다고 말합니다.                                        
test_234,  Ann은 Robin에게 mountain lake cycle tour가 체력 증진과 재미를 위해 매년 기록을 갱신하기 위해 참가한다고 설명합니다.                  
test_235, #Person1# 은 #Person2# 에게 아페리티프와 싱어 음료를 주문합니다.                                        
test_236,  Gregory와 Eric은 점심을 먹으러 가기로 했습니다. 그들은 번지 점프에 대해 이야기하고 Esic의 지갑이 어떻게 되었는지 알아봅니다.                
test_237," #Person2# 는 2차 세계대전에 대한 정보를 찾고 싶어하며, #Person1# 은 www.google.com에 가서 노르망디 상륙작전을 입력해보라고 제안합니다.                      "
test_238," #Person2# 는 근육의 선명도를 향상시키고자 #Person1# 에게 기계를 사용해보라고 제안합니다. 처음에는 처음에는 망설였지만, 결국 #Person2# 가 더 가벼운 무게로 시작하는 것을 권장합니다.                  "
test_239, #Person1# 은 #Person2# 에게 캠퍼스 안에 있는 학생들을 위한 주차 건물을 찾고 있다고 말합니다.                                      
test_240,"  Susan은 Emily에게 FICA와 SUI 세금이 Federal Insurance Contribution Act의 약자인 연방 소득세, 사회보장세, Medicare가 포함된 건강보험 공제를 설명한다. "
test_241, #Person2# 는 #Person1# 에게 자판기가 까다로울 수 있다고 설명합니다. #Person2# 은 슬롯에 돈을 넣으라고 제안합니다.                             
test_242, #Person2# 는 태국에 있는 여자친구를 만나러 가려고 한다. #Person1# 은 #Person2# 에게 인터넷 덕분에 사람들 간의 소통이 빨라졌다고 말한다.                           
test_243,"  케이트 새 가구 세트에 대해 제임스에게 감사의 인사를 전합니다. 제임스는 새 가구를 마음에 들어하며, 새 카펫에 대해 어떻게 생각하는지 물어봅니다.                         "
test_244,"  Bill은 #Person1# 에게 자신의 하루 운동 일정표를 설명하며, 일주일에 세 번 수영과 라켓볼, 핸드볼을 해야 한다고 말합니다.                          "
test_245,"  마켓은 의예과 전공으로 올해 졸업할 예정이며, 생물, 화학, 수학, 물리학을 수강할 계획이다.                                "
test_246,"  Tim은 #Person1# 에게 더 환경친화적인 삶을 사는 방법에 대해 이야기해 달라고 요청합니다. #Person2# 는 학교에 있을 때 재활용 종이를 사용하는 것에 대해 언급하며, 학교 매점에 대해서도 언급합니다.               "
test_247,  토니는 크리스마스를 앞두고 바쁜 일정으로 인해 피곤해하고 있다. #Person1# 은 토니에게 크리스마스 전에 아이들 선물을 파는 것이 불쾌하다고 말한다.                          
test_248,  Bill은 Sue에게 생일 파티를 위해 케이크를 만들어달라고 부탁한다. Su는 자신이 다이어트 중이 아니라며 케이크 대신 샐러드를 가져다주겠다고 한다.                     
test_249, #Person2# 는 #Person1# 에게 여름 옷을 20% 할인된 가격에 구매할 수 있도록 도와줍니다.                                      
test_250, #Person1# 은 지난달 예약한 표를 72시간 내에 재확인하지 않아 예약이 취소되었습니다. #Person2# 는 다음 비행기 티켓을 원합니다.                              
test_251, #Person2# 는 #Person1# 에게 부활절에 가족들이 교회에 가서 각자 음식을 가져오는 뷔페식 파티에 참석한다고 말합니다.                             
test_252," #Person1# 은 #Person2# 에게 아들에게 나쁜 습관이 생겼다고 말하며, 토니에게 애정과 인내심, 존중으로 대하라고 조언합니다. 또한 토니가 협력하도록 유도하기 위해 좋은 행동에는 보상을 제공합니다.            "
test_253, #Person1# 은 #Person2# 에게 친구 Julie와 Alex가 결혼한다는 소식을 전합니다. #Person1# 과 친구 Wendy는 파티에 참석할 예정입니다.                       
test_254, #Person1# 은 투표용지를 받을 수 없어 #Person2# 에게 도움을 요청합니다.                                          
test_255, #Person1# 은 #Person2# 에게 회사가 곧 인원 감축을 한다고 전합니다. #Person1# 는 조지와 마이클이 해고될까 봐 걱정하고 있습니다.                            
test_256," #Person1# 은 #Person2# 에게 새 영화를 보지 않고 중국 드라마 '중국식 이혼'을 보고 있다고 말한다. #Person1# 는 중국의 이혼율이 최근 몇 년 동안 증가했다고 언급하며, 이는 80년대 이후 세대의 전형적 결혼 생활 방식이라고 설명한다. "
test_257,"  Judy는 #Person1# 에게 교통비, 호텔비, 그리고 청년호스텔 예산에 대해 설명합니다.                           "
test_258, #Person1# 은 #Person2# 에게 메리가 제로드와 결혼했다고 말합니다.                                   
test_259," #Person2# 는 지갑을 도난당했고, #Person1# 은 #Person2# 에게 돈을 빌릴 수 있는지 묻습니다. #Person3# 는 금요일에 갚겠다고 약속합니다.                   "
test_260, #Person1# 은 #Person2# 에게 Murphy Music과 U-Tunes가 합병하여 철천지원수였던 두 회사가 경쟁 관계를 유지하기 위해 합병한다고 설명합니다.           
test_261,"  톰은 조가 자신의 새 조수 톰에게 잘한다고 칭찬하지만, 조는 그것이 거만한 것 같다고 생각한다.                          "
test_262,"  Sarah는 회의 주제가 사무실 워크플로우 개선을 위한 것이라고 설명하지만, #Person1# 은 회의가 효율적이지 않았다고 생각합니다. #Person2# 는 짧고 간결하게 해야 한다고 조언합니다.          "
test_263," #Person2# 는 #Person1# 에게 사람들이 메카로 순례를 가는 이유에 대해 설명합니다. 무슬림들은 평생에 한 번 하즈를 해야 한다고 믿으며, 매년 하즈에 가는 사람들이 많아서 종종 사고가 나고 사람들이 다치기도 한다고 합니다.  "
test_264,"  Ted는 Mike에게 Jenny가 자신을 좋아한다고 말하라고 설득하지만, Mickel은 거절할 수 없다고 한다. Td는 그녀에게 데이트를 시도해보라고 제안하지만, 결국 거절당하게 된다.    "
test_265, #Person2# 는 #Person1# 에게 화를 가라앉히기 위한 방법으로 음악을 듣거나 운동하는 것을 추천합니다.                              
test_266, #Person1# 은 #Person2# 에게 뉴질랜드에 있는 가족에 대해 이야기합니다. #Person1# 의 가족은 Bill의 삼촌 Jack과 그의 외삼촌 Sarah의 두 딸입니다.          
test_267,  Stuart 씨는 #Person1# 에게 도시 마라톤에서 우승했다고 말합니다.                                   
test_268," #Person2# 는 아이들과 아내를 위한 선물로 DENY 브랜드의 스니커즈를 추천합니다. #Person1# 은 가격이 비싸다고 생각하지만, #Person2# 의 아내는 향수 한 병을 원합니다.            "
test_269,  홍은 영국으로 전화하기 위해 현지 SIM 카드를 사용하고 싶어 한다. #Person1# 은 #Person2# 에게 비용으로 100위안을 제안한다.                     
test_270,"  Mr. Brown은 #Person1# 에게 한 달에 1,800위안을 받으며, 초기에는 2,500위안, 이후에는 매년 유급 휴가를 제공합니다.               "
test_271," #Person1# 과 #Person2# 는 Barry가 너무 야심차고 정직하지 않다고 생각하지만, #Person1# 은 그의 형 Paul이 정중하고 신중하며 수줍음이 많다고 생각합니다.        "
test_272," #Person1# 은 파사디나나 아카디아에 관심이 있으며, #Person2# 는 3개의 침실과 2개의 화장실이 있는 중간 크기의 집을 원합니다.                   "
test_273,  Grant 씨는 샘플을 보고 다음 주에 연락하기로 했습니다.                                  
test_274, #Person1# 은 #Person2# 에게 PHS에서 Sons으로 가는 직행 버스를 안내합니다.                             
test_275, #Person1# 은 Mrs. Word를 집까지 태워다 줍니다.                                
test_276, #Person2# 는 #Person1# 에게 자켓과 셔츠를 벗고 침대에 누워 어깨 엑스레이를 찍으라고 제안합니다.                       
test_277,  설리는 호텔 로비 바에서 요금 청구 시 사용한 신용카드가 없어 IBA 고객 서비스부에 도움을 요청했습니다.                             
test_278, #Person1# 은 #Person2# 에게 낮잠을 자고 저녁 준비를 하라고 제안합니다.                                  
test_279, #Person1# 은 #Person2# 에게 중국 음식을 주문하고 #Person1# 이 앞쪽 테이블에 앉도록 안내합니다.                             
test_280, #Person2# 는 #Person1# 에게 필요한 식기와 줄을 챙겼다고 말합니다.                                   
test_281,"  Lucy는 Stanley의 노래를 듣고 싶어 하고, #Person1# 은 그의 노래를 추천한다.                             "
test_282," #Person2# 는 집에서 보는 비디오 플레이어가 영화관을 대체하여 영화관이 사라질 것이라고 생각하며, #Person1# 은 영화 상영의 개념을 혁신해야 한다고 주장합니다.                    "
test_283, #Person1# 은 #Person2# 에게 가벼운 갈색 드레스를 추천합니다. #Person1# 는 하얀색이 더 어울릴 것 같다고 생각합니다.                       
test_284,"  Joshua는 #Person1# 에게 용돈 13달러를 주고, 은행에서 비밀 돈통을 사용할 계획입니다.                         "
test_285, #Person1# 은 #Person2# 에게 Mike의 생일 파티에 대해 물어보라고 제안합니다.                              
test_286, #Person1# 은 #Person2# 에게 우선우편으로 책자 우표와 항공우편 우표를 보내달라고 요청합니다.                           
test_287, #Person1# 과 #Person2# 는 중국에서의 끔찍한 자연재해에 대해 이야기합니다. #Person1# 은 원촨 8.0 강진으로 많은 사람들이 목숨을 잃었다고 말합니다.                   
test_288," #Person2# 는 #Person1# 에게 날씨가 매우 지독하다고 말하며, 장마가 곧 끝날 것이라고 말합니다.                              "
test_289," #Person1# 과 #Person2# 는 배구 경기 후 올림픽 기념품 가게에 가기로 결정합니다. #Person1# 은 올림픽 마스코트를 사고 싶어하며, #Person3# 는 여러 가지 기념품을 구매할 계획입니다.           "
test_290, #Person2# 는 #Person1# 에게 알루미늄 팬을 구매하려고 합니다. #Person2# 은 주머니에 손잡이가 있는 것을 발견하고 구매를 결정합니다.                    
test_291, #Person1# 과 #Person2# 는 퇴근 후 함께 일하러 가기로 했습니다.                                    
test_292," #Person1# 은 Mr. Becker에게 워싱턴의 관료들이 그들의 직업을 선호한다고 말합니다. 그들은 많은 사람들이 성인 기간 동안 연방 정부를 위해 일하며, 급여와 근무 조건이 매력적이라고 생각합니다.         "
test_293,"  Henry Johnson이 Pete에게 베이징 사무실에서 1년 넘게 일하고 있다고 소개합니다. 그들은 베이징에서 태어나 브루클린에서 자랐으며, 중국에서 생활하고 있습니다. 그들은 저녁을 먹고 노래방에 가기로 결정합니다. "
test_294,  Julie는 Mr. Jones에게 식중독으로 인한 아팠던 경험을 이야기한다. 그는 #Person1# 에게 식사 후 속이 안 좋았다고 말한다. #Person2# 는 수업에 따라 갈 수 있을 것 같다고 한다.   
test_295,  Mike는 오늘 오후에 Mary와 저와 Joan 이모 댁에 가서 커피를 만들 예정입니다. #Person1# 은 설탕과 과일을 사오기로 했습니다.          
test_296," #Person2# 는 #Person1# 에게 베를린의 긴 버스 여행에 대해 이야기합니다. #Person2# 은 버스가 불편해서 버스를 타게 되었다고 말하며, 다음 번 방문할 때 비행기를 탈 계획이라고 합니다.          "
test_297," #Person2# 는 #Person1# 에게 여행과 사람 만나는 것을 좋아하며, 외국어를 잘한다고 말합니다.                               "
test_298,"  에이미는 에이미에게 어제 피크닉에 다녀왔다고 알린다. 제니와 빌이 베이하이 공원에 갔고, 강가에서 점심을 먹고 산책하며 경치를 즐겼으며, 집에 오는 길에 교통 체증을 겪었다.    "
test_299,"  Peter는 #Person1# 에게 정원에 물을 줘야 한다고 말하지만, #Person2# 는 정원이 건조해서 물 대신 차를 마실 수 있다고 한다.                   "
test_300, #Person1# 은 긴급 회의를 소집하기 위해 #Person2# 에게 회람을 요청합니다.                                  
test_301," #Person1# 은 #Person2# 에게 편지에 필요한 우표의 무게를 측정하고, 10달러 지폐와 거스름돈을 제공합니다.                        "
test_302, #Person1# 은 Mr. Smith에게 가려움증과 화끈거림을 완화할 수 있는 항생제와 크림을 처방받습니다.                    
test_303," #Person2# 는 #Person1# 에게 중국의 다양한 손재주를 소개하며, 독특한 중국식이면서 운반이 쉬운 종이 공예품과 자수를 추천합니다.                     "
test_304, #Person1# 은 #Person2# 에게 에펠탑이 1889년에 만국박람회를 위해 지어졌다고 설명합니다.                           
test_305,"  Brian은 #Person1# 에게 미국에서 영어를 배웠다고 말하고, 캘리포니아는 한 번도 가본 적이 없다고 설명합니다.                        "
test_306, #Person1# 은 #Person2# 가 아직 오지 않은 것에 대해 걱정하고 있다.                                     
test_307, #Person1# 은 #Person2# 에게 모든 것이 계획대로 진행되었고 곧 문제가 생길 것이라고 말합니다.                               
test_308, #Person1# 과 #Person2# 는 John이 일주일에 7번 그녀와 데이트하는 것에 대해 이야기한다.                           
test_309," #Person1# 과 #Person2# 는 런던의 역사적인 도시들에 대해 이야기합니다. #Person1# 은 웨스트민스터 사원과 보우디카 동상, 그리고 유명한 성과 감옥을 방문할 예정입니다.            "
test_310,  다니엘은 #Person1# 에게 자신이 가장 좋아하는 과목이 과학이라고 말합니다. #Person2# 는 #Person3# 의 부모님이 그 사실을 알면 기쁘겠다고 합니다.                   
test_311,"  베티가 베이비 샤워를 준비해 주었습니다. 베티는 아기에게 줄 선물로 식탁의자, 카시트, 놀이펜, 침대 등을 준비했습니다.                 "
test_312," #Person1# 은 #Person2# 에게 중국에 관광하러 가자고 제안하지만, 현재 바빠서 갈 수 없다고 합니다.                             "
test_313,  Tim과 Karren은 오랜만에 만나 서로의 근황을 이야기한다.                                   
test_314," #Person1# 은 #Person2# 에게 Michael이 오토바이를 타보게 해달라고 요청했지만, #Person1# 는 자전거가 더 안전하다고 생각합니다.                   "
test_315," #Person2# 는 #Person1# 에게 몇 개의 언어를 구사할 수 있으며, 간단한 대화만 할 수 있다고 설명합니다. 또한 통역사로 일한 경험이 있으며, 미국 회사에서 일하기에 충분하다고 믿습니다.           "
test_316, #Person1# 은 타일러의 여동생 낸시에게 앤디가 전화했다고 전해달라고 요청합니다.                                
test_317, #Person1# 은 뉴욕행 비행기가 취소되었다고 알립니다. #Person2# 는 #Person1# 에게 내일 비행기를 예약해 달라고 요청합니다.                       
test_318," #Person2# 는 #Person1# 에게 버거 퀸의 치즈버거, 밀크셰이크, 마요네즈 소스, 감자튀김, 튀긴 음식을 먹으러 가자고 제안합니다.       "
test_319, #Person1# 은 #Person2# 에게 초과 수하물 요금과 취급 주의 라벨을 안내합니다.                               
test_320," #Person1# 은 목이 마르자 탄산음료가 갈증을 풀어준다고 생각하지만, #Person2# 는 물을 마시고 싶어합니다.                  "
test_321,  Wang Miao는 CEO Mr. Green과의 내일 아침 약속이 취소되었다고 #Person1# 에게 알립니다.              
test_322, #Person1# 은 #Person2# 에게 30 사이즈의 에나멜 가죽 구두를 추천합니다.                         
test_323,  Benjamin은 프로젝트 보고서를 어떻게 써야 할지 몰라 고민 중이다. #Person1# 은 #Person2# 에게 보고서 형식을 정할 수 없다고 설명한다.           
test_324,  Marty는 해산물 피자와 얇은 도우로 구성된 중간 크기 피자를 주문합니다.                      
test_325," #Person1# 은 #Person2# 에게 메뉴를 설명하며 토마토 수프와 계란 수프를 주문하고, 미네랄 워터를 주문합니다.              "
test_326, #Person2# 는 #Person1# 에게 주방과 화장실이 있는 집을 소개합니다.                            
test_327," #Person2# 는 #Person1# 의 가게에서 개인 스테레오를 구매한 것에 대해 잘못된 정보를 제공했다고 생각합니다. #Person2# 은 이어폰을 끼는 방법과 소음에 대한 문제를 지적하며, 영수증을 제시합니다. "
test_328," #Person1# 은 #Person2# 에게 내년 기숙사 보증금을 아직 납부하지 않았다고 말하며, 기숙사가 시끄러워서 더 비쌀 것이라고 설명합니다. #Person1# 는 기숙사를 떠나 도서관에서 공부하는 것을 제안합니다. "
test_329, #Person1# 과 #Person2# 는 중고 서점에서 오래된 동화책을 보고 있습니다. #Person1# 은 이 동화책이 19세기 연극에서 유래한 것이라고 생각합니다. 그들은 책을 사서 도서관에서 그 이름을 찾을 계획입니다.    
test_330, #Person1# 은 #Person2# 의 도움으로 베이징 맛집으로 안내받습니다.                            
test_331, #Person1# 은 #Person2# 에게 편지를 등기 우편이나 배달 증명 우편으로 보내는 방법을 설명합니다.                      
test_332,"  Sally와 Tom은 1월 1일에 결혼식을 올릴 예정이며, Saly는 결혼 후 처음 이곳에 온다고 말한다. 그들은 곧 만나기로 약속한다.          "
test_333," #Person1# 은 컴퓨터 사용에 어려움을 겪고 있으며, #Person2# 는 #Person1# 에게 빨리 컴퓨터를 살 수 있는 날이 오기를 바란다.                "
test_334, #Person1# 과 #Person2# 는 화창한 날씨에 대해 이야기하고 있습니다. #Person1# 은 이번 주말에 소풍을 가자고 제안하지만 비가 올 것 같다고 말합니다.         
test_335, #Person2# 는 참고 자료 데스크에서 일반 정보를 찾고 있습니다. #Person1# 은 #Person2# 에게 일반적인 정보를 찾도록 도와줍니다.                 
test_336, #Person2# 는 프렌치 가든 레스토랑에서 #Person1# 의 도움으로 참치 샌드위치와 야채 수프를 주문합니다.                
test_337," #Person1# 은 #Person2# 에게 레모네이드와 전채요리를 주문하고, 베이비백 립스를 주문합니다.                 "
test_338, #Person2# 는 물과 디저트를 주문하고 #Person1# 은 식사와 함께 주문합니다.                         
test_339, #Person1# 은 #Person2# 에게 Eric이 예스에게 데이트를 신청하면 어떻게 할 것인지에 대해 질문합니다.                  
test_340, #Person1# 은 Jack의 새로운 애완동물 사진을 보고 감탄합니다.                            
test_341, #Person1# 은 #Person2# 에게 Jane 이모가 Tom에게 새 자전거를 사준 것에 대해 이야기합니다. #Person1# 의 어머니는 #Person3# 의 자전거가 얌전하다고 느낍니다.   
test_342," #Person2# 는 최신 유행의 치마를 찾고 있으며, #Person1# 은 #Person2# 에게 옷을 입어보라고 제안합니다.                   "
test_343," #Person2# 는 #Person1# 에게 자신의 도시가 역사적인 장소라고 설명한다. #Person2# 의 도시는 석탄 발견으로 인해 큰 도시로 성장했으며, 현재는 일부의 건물이 남아 있다.      "
test_344, #Person1# 과 #Person2# 는 환경 문제를 해결하기 위해 세계 지도자들이 모여 행동 계획에 합의하기를 기대한다. #Person1# 은 대기 오염 문제를 해결해야 대기를 파괴하지 않을 수 있다고 생각한다.      
test_345, #Person1# 은 #Person2# 에게 채팅방에서 사람들과 대화하는 데 많은 시간을 보내고 있다고 말합니다. 데니스는 #Person1# 이 미스 라이트라고 생각하는 남자와 금요일 밤에 만나기로 했다고 전합니다.  
test_346,"  Nathan은 여름 방학 동안 시카고에 실습 가게 되어 기쁘고, #Person1# 은 그 기회가 좋은 기회라고 생각한다.               "
test_347," #Person2# 는 토요타 카롤라를 빌리고자 하며, #Person1# 은 #Person2# 에게 검정이나 빨강은 싫지만 은색을 선택하라고 안내합니다.           "
test_348," #Person2# 는 뉴욕에서 비즈니스 계약을 체결할 예정이며, #Person1# 에게 뉴욕의 대학들과 관광 안내소를 추천합니다.                   "
test_349, #Person1# 은 필름을 현상해 줍니다.                                 
test_350, #Person1# 은 폭우로 인해 청두로 가는 비행기가 지연되었습니다. #Person2# 는 최신 기상 예보에 따라 비가 정오 전에 그칠 수 있다고 안내합니다.          
test_351, #Person1# 은 #Person2# 에게 북경대학을 안내합니다.                              
test_352," #Person1# 은 #Person2# 에게 좋은 아침과 나쁜 날씨에 대해 설명합니다. #Person1# 는 오하이오에서 두 남자를 강도 혐의로 잡았지만, 범인들이 아니었습니다.                       "
test_353," #Person1# 은 #Person2# 에게 컴퓨터 게임이 너무 폭력적이라고 말하며, 남자아이들이 컴퓨터 게임을 통해 컴퓨터 사용하는 법을 배울 수 있다고 설명합니다.                            "
test_354, #Person1# 은 Jim에게 저녁을 먹고 나서 맥주를 마시자고 제안합니다. Jam은 그것이 건강에 좋지 않다고 생각합니다. 그들은 체육관에 가서 운동을 하고 Sally와 함께 춤을 추기로 결정합니다.                 
test_355, #Person1# 과 #Person2# 는 닭발을 시키고 와인을 주문합니다.                                            
test_356," #Person2# 는 #Person1# 에게 외국인 관광객 몇 그룹을 안내했고, 몇몇 명소를 보여줬다고 설명합니다.                                    "
test_357,  Jack은 더블룸으로 3박을 예약했습니다.                                             
test_358,  질은 데이빗의 생일파티에 참석하지 못해 숙취에 시달리고 있습니다. 마크는 #Person1# 에게 빌의 부인이 어젯밤에 딸을 출산했다고 알립니다. 그들은 내일쯤 술을 마실 예정입니다.           
test_359, #Person2# 는 남편이 좋아하지 않을 것 같아 극장에 가기로 했습니다. #Person1# 은 #Person2# 에게 전화로 초대합니다.                                
test_360, #Person1# 과 #Person2# 는 볼티모어와의 야구 경기에 대해 이야기하고 있습니다.                                         
test_361, #Person2# 는 #Person1# 에게 어려울 때 도움을 주는 친구입니다.                                             
test_362," #Person2# 는 #Person1# 에게 천연자원을 수출하는 나라들에 대해 설명합니다. #Person2# 의 나라에서는 철과 알루미늄을 수입하고 있으며, 엔지니어들이 석유 시추에 집중하고 있습니다.                "
test_363, #Person2# 는 1년에 한두 번 미술 전시회에 간다. #Person1# 은 #Person2# 에게 미술이 모든 사람을 위한 것이 아니라고 설명한다. 그들은 내일 국립 미술관에서 열리는 그리스와 로마 조각 전시회를 함께 가자고 제안한다.              
test_364," #Person2# 는 책을 반납하고 싶고, #Person1# 은 비디오를 손상 시 벌금을 부과합니다.                                      "
test_365, #Person1# 은 #Person2# 에게 10프레임의 볼링 게임에 대해 더 자세히 설명해 달라고 요청합니다.                                   
test_366," #Person2# 는 #Person1# 에게 은행과 증권 간에 돈을 이체할 수 있는 새로운 서비스에 대해 설명하고, 맞춤형 상담 서비스를 제공한다고 안내합니다.                            "
test_367, #Person2# 는 30분 후에 체크아웃해야 합니다. #Person1# 은 #Person2# 에게 짐을 맡기거나 VISA 카드로 결제할 것을 제안합니다.                            
test_368," #Person2# 는 #Person1# 에게 뷔페에서 어른과 아이에게 각각 삼십, 이십의 요금을 지불하도록 안내합니다.                                "
test_369," #Person2# 는 해외에서 공부하는 모든 분들을 위한 해외 유학 개인 대출을 신청하려고 합니다. #Person1# 은 나이 제한이 없으며, 대출자는 만 55세 미만이어야 한다고 설명합니다.                      "
test_370, #Person1# 은 #Person2# 에게 영어 노래가 있는 책을 소개합니다.                                            
test_371," #Person1# 은 #Person2# 에게 자신의 글쓰기 경력에 대해 이야기합니다. #Person1# 는 국내 몇몇 주요 신문사에 기고했으며, 현재 첫 소설을 집필 중입니다.                          "
test_372,"  잭은 #Person1# 에게 이메일로 인터뷰 결과를 직접 물어보라고 제안하며, 이메일 발송 시 답장을 놓치지 않도록 주의하라고 조언합니다.                             "
test_373," #Person2# 는 #Person1# 에게 집을 둘러보라고 안내합니다. #Person2# 의 집은 약 46제곱미터의 넓고 흥미로운 규모이며, 수확 후 바로 껍질을 벗길 수 있습니다.                    "
test_374, #Person2# 는 #Person1# 에게 호텔에서 40분 후에 체크아웃할 수 있다고 안내합니다.                                        
test_375," #Person1# 은 브랜든에게 글쓰기 실력을 향상시키는 새로운 웹사이트에 가입하라고 권유하지만, #Person2# 는 무료처럼 들릴 수 있다고 설명한다. #Person1# 는 이를 이해하지 못한다.                    "
test_376, #Person1# 과 #Person2# 는 교장 선생님이 새 실험실 건물을 지으실 수 있을지에 대해 논의하고 있습니다.                                   
test_377,  Henry는 #Person1# 에게 소고기를 사러 가게에 갔다가 현금이 없어서 신용카드를 사용하게 되었다고 설명한다.                            
test_378,  Mr. Smith는 #Person1# 에게 내일의 마을 방문 계획에 대해 설명합니다.                                     
test_379,"  Vet는 스트레스를 풀기 위해 오이를 먹고 푹 쉬며, 치어리더가 되기 위해 목표나 꿈을 포기해야 한다고 느낀 적이 있다고 말합니다. #Person1# 은 아기를 돌보며 가장 좋았던 점과 미래 계획에 대해 이야기합니다.          "
test_380," #Person2# 는 #Person1# 에게 우표 수집에 관심이 있다고 말하며, 최초의 우표가 1840년에 영국에서 발행되었다고 설명합니다.                             "
test_381," #Person2# 는 #Person1# 에게 자신이 성공한 사업가가 되었다고 이야기합니다. #Person2# 의 가족은 모두 성공적이었으며, #Person3# 는 이러한 경험을 통해 많은 것을 배웠다고 말합니다. 그는 또한 캐나다 전역을 자전거로 횡단했다고 합니다.         "
test_382,  John Day는 북런던의 보행자 지하도에서 발견된 40대 남성의 사망 사건을 살인으로 보고 있습니다. 그는 새벽 1시 30분쯤 네즈든 레인에 있는 술집인 레벨 원 클럽을 떠났습니다. 사망 원인 및 시간 간격은 약 50미터입니다. 
test_383,"  Sherry는 Bob에게 친구 결혼식에 초대받아 내년에 퀘벡에 가기로 했으며, #Person2# 는 그 도시를 방문할 계획이라고 말한다. 두 사람은 영어로 소통할 수 있을지에 대해 논의한다.           "
test_384,"  제인은 톰과 함께 학생 센터에 수영하러 가자고 제안하지만, 톰은 아직 리포트가 끝나지 않았다며 거절합니다. 그들은 저녁 식사 후 그릴에서 만나기로 합니다.               "
test_385, #Person2# 는 #Person1# 에게 의사 선생님이 준 약을 복용해야 한다고 설명합니다.                                   
test_386, #Person1# 은 Fred에게 200위안의 컴퓨터 대출금을 갚으라고 요청합니다. Frd는 #Person1# 에게 급하게 하지 말고 천천히 상환하라고 조언합니다.                
test_387," #Person1# 은 글을 더 잘 쓰고 싶어서 몇 주 동안 연습했지만, 여전히 글씨가 좋지 않습니다. #Person2# 는 #Person1# 에게 끈기를 가지라고 조언합니다.                  "
test_388, #Person1# 은 #Person2# 가 속눈썹을 올리고 있는 것에 겁을 먹고 있다.                                  
test_389, #Person1# 은 #Person2# 에게 운전 강좌에 대한 정보를 제공합니다.                                     
test_390," #Person1# 은 피아노를 8년째 배우고 있으며, #Person2# 는 #Person1# 에게 그 선생님을 소개해 줍니다.                           "
test_391," #Person2# 는 #Person1# 에게 자신의 강점, 약점, 그리고 결혼 후 자신의 미래에 대한 계획을 묻습니다. #Person2# 은 배우면서 일에 대해 더 깊이 이해하는 것이 중요하다고 생각합니다.                "
test_392,  George는 Stephanie에게 Miss Jenkins에게 보고서를 금요일 아침까지 제출할 수 있는지 물어보라고 제안합니다.                
test_393,"  David는 #Person1# 에게 크리스마스를 보내자고 제안하지만, #Person2# 는 뉴욕에 머물고 싶어 한다.                         "
test_394,"  Bob은 댄스 파티에 갔고, #Person1# 은 일요일에 쇼핑을 가며, 이번 주말에 #Person2# 와 경기를 할 예정이다.                       "
test_395," #Person1# 은 #Person2# 에게 50달러를 빌려달라고 요청합니다. #Person1# 는 직업을 구하고 싶어하며, 집에 가서 아빠 농장에서 일할 것을 제안합니다.                   "
test_396," #Person1# 은 #Person2# 에게 모든 손님에게 재킷과 넥타이를 착용해 달라고 요청하고, 회의 시간을 9시 30분으로 연기합니다.                        "
test_397," #Person2# 는 #Person1# 에게 휴양 캠프의 즐거움과 어려움에 대해 이야기합니다. #Person2# 의 아이들은 집사가 진행하는 투어를 좋아하지 않았고, 성의 역사를 생생하게 전해줬습니다. 또한, 요트, 등반, 승마 등의 활동을 했습니다. "
test_398," #Person1# 은 #Person2# 에게 딸의 대학 입학 요건에 대해 묻고, 그 이유는 직장을 그만두고 사업을 시작하기 위해 컴퓨터 프로그래밍을 전공하기 때문이라고 설명합니다.               "
test_399,  칼리 교수는 어제 차로 나무를 들이받아 며칠 학교를 빠져야 합니다. #Person1# 은 이번 주에만 쉬라고 #Person2# 에게 알려줍니다.                      
test_400, #Person1# 은 #Person2# 에게 집주인과 수리 비용 문제로 합의하지 못하고 있다고 말합니다.                                
test_401, #Person2# 는 사이유리 베즈에서 온 수출 L/C를 수령하기 위해 #Person1# 에게 서류를 작성해 달라고 요청합니다.                      
test_402,  Myrdal은 Charlie의 지갑이 사라졌다고 생각합니다.                               
test_403, #Person2# 는 설거지를 잘해서 다음 주도 계속하기를 원합니다.                                     
test_404," #Person1# 과 #Person2# 는 서로에 대해 이야기하고 있다. #Person1# 은 #Person3# 가 멋지다고 생각하지만, #Address# 는 자신이 사랑한다고 말한다.                    "
test_405, #Person1# 과 #Person2# 는 정부의 실업 문제가 사회 문제를 일으키고 있다고 생각합니다.                                   
test_406," #Person1# 은 가면무도회 파티에 맞는 의상을 고르기 위해 #Person2# 에게 쇼핑을 제안합니다. #Person1# 는 카우걸을 추천하지만, #Person3# 는 의상이 어디서 구할지 모릅니다. 결국 그들은 쇼핑센터에서 만나기로 합니다. "
test_407, #Person1# 은 #Person2# 에게 베이징에서 춤추러 가자고 제안합니다. 그들은 나이트클럽에 가기로 했습니다. 그들은 디스코 댄스를 즐깁니다.                  
test_408," #Person1# 은 농장을 소유하고 싶어 하고, #Person2# 는 농장에서 일하면서 도시의 번잡함에서 벗어나고 싶어 한다.                          "
test_409," #Person1# 은 #Person2# 에게 하이네켄과 버드와이저, 에피타이저를 주문합니다.                             "
test_410,"  Mary는 어젯밤 Ann과 심하게 싸웠다. #Person1# 은 그녀가 감정을 너무 앞세운 것 같다고 생각하고, #Person2# 에게 나중에 전화해 화해할 것을 제안한다.          "
test_411," #Person1# 은 #Person2# 에게 담배, 기념품, 화장실을 안내합니다.                                   "
test_412,  Catherine은 영화 'Fast Food Nation'을 보고 미국식 음식이 어두운 면이 있다고 생각합니다. 그는 미국의 패스트푸드 문화가 편리함을 추구하는 생활 방식을 반영한다고 설명합니다.       
test_413, #Person1# 은 #Person2# 에게 버스가 워싱턴 스퀘어 공원으로 가는 줄 알고 뒤쪽으로 이동해 달라고 요청합니다.                          
test_414," #Person1# 은 #Person2# 에게 9-11 테러 공격이 있던 날 베이징에 있는 부모님 댁에 있었다고 말합니다. 납치범들은 생명에 대한 존중이 없었으며, 테러 행위는 계획적이고 치명적이라고 설명합니다.       "
test_415,  Chuck Jones가 Karl의 옆집으로 이사를 왔습니다. 그들은 더 조용한 곳에서 더 넓은 공간을 갖고 싶어서 이사하게 되었습니다.               
test_416," #Person2# 는 #Person1# 에게 삶은 달걀과 토스트, 오렌지 주스를 완숙으로 주문합니다.                                 "
test_417,"  Steven은 #Person1# 에게 가계부를 보라고 하지만, #Person2# 는 자러 가기 전에 지하실 문을 닫아달라고 요청한다.                           "
test_418, #Person1# 은 Jane에게 다음 주 월요일 오후 3시쯤 만나자고 제안합니다.                                       
test_419," #Person2# 는 여자친구를 위해 진주 귀걸이 세트와 하트 모양의 펜던트를 줄 예정입니다. #Person1# 은 #Person2# 에게 자수정 팔찌, 목걸이, 시계를 추천합니다.               "
test_420, #Person1# 은 오래된 Ford Pinto를 교환하고 싶어 합니다. #Person2# 는 연비가 좋은 2.5리터 터보차저 엔진을 탑재한 새 차를 추천합니다. #Person1# 는 0% 다운페이먼트와 첫 1년간 무이자 할부로 구매할 수 있습니다. 
test_421," #Person1# 은 Ballam 씨에게 컴퓨터 엔지니어 직책을 제안하고 월 4,000 위안을 지급하기로 결정합니다.                                "
test_422, #Person2# 는 #Person1# 에게 네트워크 결제 서비스에 가입하면 내부 감독과 관리가 훨씬 수월해질 것이라고 설명합니다.                                  
test_423, #Person2# 는 저녁에 먹고 남은 것이 없어 #Person1# 에게 땅콩버터와 잼 샌드위치를 만들어 먹으라고 제안합니다.                           
test_424, #Person2# 는 #Person1# 에게 혈액을 채취하고 백혈구 수치가 높으면 감염이 있을 수 있다는 것을 알려줍니다.                              
test_425,  Steven은 전기가 나갔습니다. Sellers 씨는 지하실로 내려가 퓨즈를 풀고 좋은 퓨즈로 교체할 것입니다.                             
test_426,  Paula는 #Person1# 에게 세 들어 사는 집의 집주인 Ms. Connors가 식기세척기가 고장 나서 수리를 하고 비용을 월세에서 공제했다고 설명한다.              
test_427, #Person1# 은 에어컨이 작동하지 않아 열사병에 걸리기 전에 수리공을 불러야 한다고 #Person2# 에게 말합니다.                                
test_428," #Person2# 는 해고당해 대출금을 낼 수 있는 일을 찾고 있으며, #Person1# 은 대출금 마련을 위해 전기공 견습생 프로그램 공고에도 관심을 보입니다.                         "
test_429, #Person2# 는 #Person1# 에게 사장님의 강점과 약점에 대해 설명합니다.                                         
test_430,"  Tang 씨는 Youth International Travel Agency에서 근무 중이며, 영어와 러시아어 두 가지 언어를 구사합니다.                      "
test_431, #Person2# 는 #Person1# 의 도움으로 금 시계를 구매합니다.                                            
test_432,  Tom은 Sara에게 딸 Ken을 병원에 데려갈 수 없으니 함께 병원에 가자고 제안합니다. Sala는 이를 수락하고 아들을 집으로 데려가기로 합니다.                   
test_433,  Amy는 첫 직장이 총지배인 비서였다고 #Person1# 에게 말합니다. 그는 인사부장으로 승진한 후 급여가 적었기 때문입니다.                        
test_434,  Andrew는 #Person1# 에게 자신의 체중 감량 방법에 대해 이야기한다. #Person2# 는 뚱뚱하지 않기 위해 운동을 해야 한다고 조언한다.                      
test_435,  브라운 컬리지의 그렉 손더스 씨가 메리에게 전화를 걸어 대학 스포츠에 관심이 있는지 물어본다. 메리는 배구를 좋아한다고 답한다.                          
test_436, #Person1# 은 #Person2# 에게 택시를 타고 기차역으로 가라고 안내합니다.                                        
test_437,"  Brian은 #Person1# 에게 미국에서 영어를 배웠다고 말하고, 캘리포니아와 라스베가스를 방문했다고 전합니다.                             "
test_438, #Person2# 는 연례 건강검진을 받으러 왔습니다. #Person1# 은 #Person2# 가 호흡에 문제가 있다고 판단하여 알레르기 검사와 혈당 수치를 검사할 예정입니다.                     
test_439," #Person1# 은 #Person2# 에게 복권에 당첨되면 전 세계를 여행할 것이라고 말하며, 월급 인상이 없을 경우 밍크 코트를 사주겠다고 제안합니다. #Person1# 는 스카치를 마실 자격이 있다고 생각합니다.            "
test_440, #Person2# 는 아직 서른다섯 살밖에 안 된 #Person1# 에게 결혼할 준비가 안 되어 있다고 말합니다. #Person2# 은 Amy를 결혼식장에 남겨두지 말라고 제안합니다.                 
test_441, #Person1# 은 예전 명함을 인쇄하기 위해 #Person2# 에게 서식을 작성해달라고 요청합니다.                                     
test_442,  브라이언은 #Person1# 에게 공항에서 전무님을 만나기 위해 6시에 집을 방문할 것이라고 알린다. 회의는 정오에 시작된다.                          
test_443,  Paul과 헤이는 추수감사절 저녁을 함께 보내기로 했습니다. 그들은 총 열 명이 참석할 예정입니다. 헤이의 여동생이 디저트를 자원한 덕분에 그들은 맛있는 호박 파이를 만들기로 합니다.           
test_444,"  존은 이번 주말에 수잔을 도와주기로 약속했지만, #Person1# 은 존의 대학 인터뷰 일정 때문에 수 잔의 도움을 요청한다. 존이 눈보라가 오면 그를 집에 데려다주는 계획을 세우기로 한다.             "
test_445,"  Ben은 #Person1# 에게 저녁 수업 정보를 제공하며 꽃꽂이, 사진 강좌, 인도 요리, 저녁 파티에 대해 설명합니다.                             "
test_446," #Person1# 과 #Person2# 는 금요일 저녁에 피자 익스피리언스로 함께 식사를 가기로 했습니다. #Person1# 은 브리짓은 고기를 먹지 않으며, 킹피셔는 생선을 먹을 수 없습니다.             "
test_447, #Person1# 은 Gene에게 운전면허 시험에 참석하기 위해 로스앤젤레스에서 일하게 되었다고 말합니다. 그는 운전 연습과 시험 준비를 위해 2016년형 혼다 어코드를 구매할 계획입니다.               
test_448," #Person1# 이 #Person2# 에게 펜을 보여주고, #Person1# 은 펜이 부드럽게 느껴진다고 설명합니다.                                    "
test_449," #Person2# 는 #Person1# 에게 미국 암 학회를 위한 마라톤 후원이 성공적이었다고 설명합니다. 마라톤 참가자들이 참가비로 10달러를 냈고, 후원자들을 통해 후원자를 찾았습니다. 이는 회사에도 좋은 일이었습니다.              "
test_450, #Person1# 이 #Person2# 에게 피크 트램으로 가는 길을 안내합니다. #Person1# 은 힐튼 호텔에서 오른쪽을 지나 가든 로드를 따라 성당을 지나고 신호등에서 길을 건너야 합니다.                  
test_451, #Person2# 는 #Person1# 에게 전통 중국 공예품을 소개하고 백단향 부채를 추천합니다.                                      
test_452, #Person2# 는 #Person1# 에게 회사의 외부 요인과 내부 요인에 대해 설명합니다.                                          
test_453, #Person1# 은 #Person2# 에게 오늘 오후 2시에 준비 회의를 시작하자고 제안합니다.                                          
test_454, #Person2# 는 #Person1# 에게 짧은 여행을 추천합니다.                                                
test_455," #Person2# 가 #Person1# 의 도움으로 비프버거, 프렌치프라이, 밀크셰이크를 주문합니다.                                  "
test_456, #Person1# 과 #Person2# 는 등불 축제에 대해 이야기하고 있습니다. #Person1# 은 축제 기간 동안 수수께끼를 푸는 것이 전통이라고 설명합니다. 그들은 가까이 가서 큰 등불을 보기로 합니다.                   
test_457,"  Tina는 면접 첫 두 라운드를 성공적으로 통과했으며, 다음 주 월요일에 최종 라운드로 갈 예정이다. #Person1# 은 축하의 말을 전한다.                          "
test_458,  카렌과 팀도 만나서 즐거운 시간을 보냈다.                                               
test_459," #Person1# 은 #Person2# 에게 문구류, 달력, 복사기를 사달라고 요청합니다. 그들은 보통 부서 회의에서 클라이언트들에 대해 논의하며, 상사가 가장 잘 처리할 수 있을 것 같은 사람에게 추가 업무를 할당합니다.            "
test_460, #Person1# 은 버튼이 너무 많아서 #Person2# 에게 버튼 사용법과 스위치 사용법을 설명합니다.                                      
test_461, #Person1# 은 #Person2# 에게 기차에서 시간 때우기 좋은 책 추천을 요청합니다.                                        
test_462, #Person2# 는 글을 읽지 못해 #Person1# 에게 읽기부터 시작해서 천천히 익히는 방법을 제안합니다.                                     
test_463," #Person1# 은 #Person2# 의 티켓 예약을 확인하고, 800달러를 카드로 결제합니다.                                         "
test_464," #Person1# 은 #Person2# 에게 오늘 저녁에 냉동 피자를 구워 먹자고 제안하고, #Person1# 이 건강한 요리 방법을 알려준다.                              "
test_465, #Person1# 은 #Person2# 에게 전화기의 종류와 사용법을 설명합니다.                                            
test_467," #Person1# 은 톰에게 중고 물건에 대해 묻고, 톰은 중고 컴퓨터를 사려고 하지만 중고 물건이 새것만큼 좋지는 않다고 설명한다.                             "
test_468, #Person1# 은 Morgan에게 남은 음식을 집에 가져가는 방법에 대해 묻습니다. #Person2# 는 중국에서는 음식을 적게 주문해서 덜 버리는 전통이 있다고 설명합니다. #Person1# 는 가끔은 한 번 시도해보지만 충분하다고 말합니다.          
test_469,  해리는 #Person1# 에게 중국 길거리 시장에서 물건을 구매할 때 항상 조심하라고 상기시킨다.                                      
test_470, #Person2# 는 #Person1# 에게 회사 직원들이 영어를 구사하는 데 능숙하다고 말합니다.                                        
test_471," #Person2# 는 #Person1# 에게 당좌예금과 저축예금을 동시에 개설하고 싶다고 말하며, 두 계좌 모두 ATM 기기에서 사용할 수 있어 편리하다고 설명합니다. 또한, 오버드래프트 최대 한도가 얼마인지 묻는 질문에는 최대 $1000이라고 답합니다.    "
test_472," #Person1# 은 #Person2# 에게 설탕 3봉지를 사면 할인 쿠폰을 받을 수 있으며, 유효기간 내에만 사용할 수 있다고 설명합니다.                               "
test_473,  Mrs. Robinson은 Steve에게 Johnny를 돌봐준 것에 대해 감사를 표합니다.                             
test_474," #Person2# 는 기차표를 잃어버렸습니다. #Person1# 은 #Person2# 에게 소프트 슬리퍼를 추천하며, 지갑에 돈이 있는지 확인하라고 합니다.                            "
test_475,  Ann은 #Person1# 에게 '웰빙 인 더 에어' 프로그램을 통해 뉴욕에 도착했을 때 시차 적응이 잘 되었다고 말한다. 그러나 #Person2# 는 샴페인은 별로 없었다고 설명한다.              
test_476,"  Tom은 John의 파티에 가고 싶어 하지만, Mary는 맥도날드에서 일하는 부매니저로 일하고 싶어한다. Tem은 아버지 회사에서 여름 동안 일할 사람을 찾고 싶어 한다.               "
test_477,  해리는 끔찍한 사고로 인해 안색이 안 좋아 보인다. #Person1# 과 #Person2# 는 신문 읽으며 길을 가기로 결정한다.                                
test_478,"  Steven Kayne 씨는 자신이 경주용 자전거를 좋아하고 자전거 고치는 것을 즐겼으며, 은행에서 사업 대출을 받게 되면서 사장이 되는 것이 좋겠다고 생각했다고 #Person1# 에게 설명합니다. 가게의 운영 시간은 정해진 것이 없으며, 직원은 이미 고용되었다고 합니다. "
test_479,  에셀은 #Person1# 에게 중년은 인생의 가장자리에 있는 사람이라고 말합니다. 그들은 늙고 있습니다.                                    
test_480, #Person2# 는 #Person1# 에게 저녁 메뉴로 애플 크리스프와 초콜릿 무스 케이크를 추천합니다. #Person2# 의 디저트 포크는 네 개입니다.                          
test_481, #Person1# 은 #Person2# 에게 아래층 침대를 원한다고 말합니다. #Person1# 는 스테레오를 가져와 창가 책상을 가져가기로 결정합니다. 두 사람은 함께 다니기로 합니다.              
test_482," #Person1# 은 도서관 카드를 만들고 싶어 하고, #Person2# 는 #Person1# 의 면허증과 신청서를 확인하고 규칙과 벌금을 안내합니다.                         "
test_483," #Person2# 는 #Person1# 에게 초과 근무 수당을 받지 않으며, 점심시간과 커피 브레이크를 사용할 수 있다고 설명합니다. #Person2# 의 상사는 서류 작업과 이메일 및 네트워크로 정보를 수집합니다.           "
test_484," #Person2# 는 #Person1# 에게 기계에 비누가 들어있지 않으며, 세탁기는 자판기에서 구매할 수 있다고 설명합니다. #Person2# 의 엄마는 세탁이 처음이라 놀리지 말라고 조언합니다.          "
test_485, #Person1# 이 #Person2# 에게 오늘 밤에 전화해달라고 부탁합니다.                                      
test_486,"  Katie는 #Person1# 에게 항상 일할 준비가 되어 있다고 말하며, 손님이 없을 때 항상 멍하니 서 있는 것을 보라고 조언합니다.                     "
test_487," #Person1# 과 #Person2# 는 할아버지 생일 파티에 대해 이야기하고 있습니다. #Person1# 은 호텔이 비싸고 야외 파티하기에 춥다고 생각하여 호텔에서 파티를 열기로 했습니다. 그들은 피자, 케이크, 스카프, 책을 준비하기로 결정했습니다. "
test_488,  Gian Luca Donatelli는 로버트의 소개로 이탈리아 서비스 공급업체에서 일하고 있는 Gina를 만나게 됩니다.                   
test_489,  Kathy는 #Person1# 에게 시골의 시끄러운 소리에 대해 설명합니다. #Person2# 는 새들이 주로 산 근처에 있다고 말합니다.                    
test_490, #Person1# 은 #Person2# 가 Danny's에 와서 칠면조 샌드위치를 주문할 수 있도록 도와줍니다.                        
test_491,  James는 David에게 빌려준 재킷을 입고 시골에 가서 사진을 찍고 싶어합니다. #Person1# 은 카메라 대신 쿠키를 가방에 넣었습니다.                
test_492,  테드는 장인어른과 장모님이 있는 친정으로 휴가를 갈 계획이다.                                 
test_493, #Person1# 은 #Person2# 에게 오늘 오후에 영화관에 가자고 제안합니다. #Person1# 의 이모 헬렌은 영화에 참석하지 않습니다. 대신 맥도날드에 가서 맛있는 것을 먹기로 합니다.            
test_494, #Person1# 은 #Person2# 에게 어젯밤 도둑들이 가구를 도난당했다고 말합니다.                                
test_495,  Jack과 Charlie는 학교 후 비디오 게임을 하기로 했습니다. #Person1# 은 새로운 게임에 흥미를 보입니다.                         
test_496, #Person2# 는 #Person1# 에게 시골 음악에 관심을 갖게 된 계기와 라디오 방송국에서 일하게 된 과정을 설명합니다.                            
test_497, #Person1# 은 Alice에게 세탁기에 비누가 들어 있지 않다고 설명합니다. #Person2# 는 #Person1# 에게 기계가 너무 많이 사용하면 세균이 번식할 수 있다고 경고합니다.            
test_498,"  Steve는 Matthew에게 임대를 갱신하고 싶지 않다고 말하며, Mrs. Thou에게 언제 아파트를 보여줄 수 있는지 물어보겠다고 한다.                "
test_499,"  Frank는 Betsy에게 승진 소식을 전하며, 파티에 150명 정도가 참석할 것이라고 말합니다. 파티에는 아내가 항상 원하던 새 집을 살 수 있게 되었습니다.               "
